{"mean":{"confidence_interval":{"confidence_level":0.95,"lower_bound":115383604.65825,"upper_bound":117394206.22625001},"point_estimate":116364718.08,"standard_error":512145.35522289143},"median":{"confidence_interval":{"confidence_level":0.95,"lower_bound":114255514.0,"upper_bound":116774285.0},"point_estimate":115208482.0,"standard_error":607995.291440459},"median_abs_dev":{"confidence_interval":{"confidence_level":0.95,"lower_bound":3206002.3524820805,"upper_bound":5520991.031482816},"point_estimate":4425258.471035957,"standard_error":605517.4648542413},"slope":null,"std_dev":{"confidence_interval":{"confidence_level":0.95,"lower_bound":4088888.1985162264,"upper_bound":6164975.679994259},"point_estimate":5156625.11766778,"standard_error":531713.3890306952}}