{"mean":{"confidence_interval":{"confidence_level":0.95,"lower_bound":7333664027.8685,"upper_bound":7455505943.226},"point_estimate":7394237347.07,"standard_error":31057022.46721605},"median":{"confidence_interval":{"confidence_level":0.95,"lower_bound":7333547148.0,"upper_bound":7424634172.0},"point_estimate":7385856008.5,"standard_error":27572899.32392277},"median_abs_dev":{"confidence_interval":{"confidence_level":0.95,"lower_bound":204301503.93832326,"upper_bound":395968372.44395614},"point_estimate":297305158.9253783,"standard_error":48417969.4135349},"slope":null,"std_dev":{"confidence_interval":{"confidence_level":0.95,"lower_bound":264494957.9366288,"upper_bound":356298056.4582025},"point_estimate":312697597.19906557,"standard_error":23401191.444439933}}