{"mean":{"confidence_interval":{"confidence_level":0.95,"lower_bound":117597868.12525,"upper_bound":119488569.13325},"point_estimate":118512110.85,"standard_error":483691.3749610991},"median":{"confidence_interval":{"confidence_level":0.95,"lower_bound":116738272.0,"upper_bound":118820905.0},"point_estimate":117852969.0,"standard_error":483481.030067958},"median_abs_dev":{"confidence_interval":{"confidence_level":0.95,"lower_bound":2827646.545699239,"upper_bound":4528753.586098552},"point_estimate":3709084.105950594,"standard_error":424352.45987070096},"slope":null,"std_dev":{"confidence_interval":{"confidence_level":0.95,"lower_bound":3689469.2766900775,"upper_bound":5928693.207807792},"point_estimate":4858414.630969975,"standard_error":575386.0244246295}}