{"mean":{"confidence_interval":{"confidence_level":0.95,"lower_bound":110917553.197,"upper_bound":112382588.73525},"point_estimate":111634404.92,"standard_error":373322.21159822296},"median":{"confidence_interval":{"confidence_level":0.95,"lower_bound":110483882.0,"upper_bound":112030008.5},"point_estimate":111518479.0,"standard_error":373769.0953738941},"median_abs_dev":{"confidence_interval":{"confidence_level":0.95,"lower_bound":2529900.440785289,"upper_bound":4107297.8567808867},"point_estimate":3316981.6322118044,"standard_error":389827.07584448636},"slope":null,"std_dev":{"confidence_interval":{"confidence_level":0.95,"lower_bound":3091872.5808938756,"upper_bound":4337557.036464435},"point_estimate":3740688.995697863,"standard_error":317783.6651140703}}