{"mean":{"confidence_interval":{"confidence_level":0.95,"lower_bound":0.03237327834723662,"upper_bound":0.05624243479579626},"point_estimate":0.044688963552824035,"standard_error":0.006077555054997651},"median":{"confidence_interval":{"confidence_level":0.95,"lower_bound":0.03230940567903606,"upper_bound":0.06432527771099616},"point_estimate":0.049821568618398704,"standard_error":0.007979230445558119}}