{"mean":{"confidence_interval":{"confidence_level":0.95,"lower_bound":4972761134.268001,"upper_bound":4994119354.813749},"point_estimate":4982967211.28,"standard_error":5425661.1771122},"median":{"confidence_interval":{"confidence_level":0.95,"lower_bound":4967907152.0,"upper_bound":4987113297.5},"point_estimate":4975816475.0,"standard_error":4725556.181355812},"median_abs_dev":{"confidence_interval":{"confidence_level":0.95,"lower_bound":28738848.729233455,"upper_bound":47980915.91063589},"point_estimate":37624539.98503089,"standard_error":4849443.246191395},"slope":null,"std_dev":{"confidence_interval":{"confidence_level":0.95,"lower_bound":38682223.34046412,"upper_bound":71592851.16452792},"point_estimate":54808314.02611733,"standard_error":8660758.830376005}}