{"mean":{"confidence_interval":{"confidence_level":0.95,"lower_bound":108137516.38025,"upper_bound":142252148.66375},"point_estimate":123191113.26,"standard_error":8737756.426273564},"median":{"confidence_interval":{"confidence_level":0.95,"lower_bound":107311933.0,"upper_bound":108472120.0},"point_estimate":107676697.0,"standard_error":282228.06807086885},"median_abs_dev":{"confidence_interval":{"confidence_level":0.95,"lower_bound":1617701.8962800503,"upper_bound":2621557.7363580465},"point_estimate":2125515.367564559,"standard_error":259501.14824309465},"slope":null,"std_dev":{"confidence_interval":{"confidence_level":0.95,"lower_bound":2362006.3535023155,"upper_bound":132563609.54433335},"point_estimate":87344381.77944763,"standard_error":29226642.728912152}}