{"mean":{"confidence_interval":{"confidence_level":0.95,"lower_bound":63181051961.5545,"upper_bound":63779865663.20675},"point_estimate":63480029506.36,"standard_error":152625704.93239078},"median":{"confidence_interval":{"confidence_level":0.95,"lower_bound":63248439830.0,"upper_bound":64048689034.0},"point_estimate":63782536740.0,"standard_error":217439372.83465326},"median_abs_dev":{"confidence_interval":{"confidence_level":0.95,"lower_bound":1131198506.7763119,"upper_bound":2097659315.5691028},"point_estimate":1535352854.823938,"standard_error":240031571.84586823},"slope":null,"std_dev":{"confidence_interval":{"confidence_level":0.95,"lower_bound":1351676367.248143,"upper_bound":1695750824.051598},"point_estimate":1533992744.3969495,"standard_error":87890791.38039742}}