{"mean":{"confidence_interval":{"confidence_level":0.95,"lower_bound":5754041463.57225,"upper_bound":5871012092.283},"point_estimate":5812752780.64,"standard_error":29805448.559337687},"median":{"confidence_interval":{"confidence_level":0.95,"lower_bound":5706303583.5,"upper_bound":5918126553.0},"point_estimate":5821738573.5,"standard_error":49745391.012289785},"median_abs_dev":{"confidence_interval":{"confidence_level":0.95,"lower_bound":263223635.5406463,"upper_bound":392735686.9984478},"point_estimate":327239319.41294074,"standard_error":33487308.287835326},"slope":null,"std_dev":{"confidence_interval":{"confidence_level":0.95,"lower_bound":263201491.20914286,"upper_bound":333935894.49394965},"point_estimate":300450954.86050165,"standard_error":18095885.284541234}}