{"mean":{"confidence_interval":{"confidence_level":0.95,"lower_bound":8100306981.717,"upper_bound":8238548718.47375},"point_estimate":8168843989.05,"standard_error":35242486.23717735},"median":{"confidence_interval":{"confidence_level":0.95,"lower_bound":8075588436.5,"upper_bound":8227035446.5},"point_estimate":8131921637.0,"standard_error":38445180.067810774},"median_abs_dev":{"confidence_interval":{"confidence_level":0.95,"lower_bound":290918118.23877096,"upper_bound":484180555.6469768},"point_estimate":376635826.9860774,"standard_error":50624760.99024519},"slope":null,"std_dev":{"confidence_interval":{"confidence_level":0.95,"lower_bound":307529938.0378216,"upper_bound":397343646.9543346},"point_estimate":354163111.8095414,"standard_error":22945642.254825525}}