{"mean":{"confidence_interval":{"confidence_level":0.95,"lower_bound":0.008534035913767227,"upper_bound":0.022428198510401766},"point_estimate":0.01516702679668569,"standard_error":0.003561733457678511},"median":{"confidence_interval":{"confidence_level":0.95,"lower_bound":0.004198695706967737,"upper_bound":0.02186097470759485},"point_estimate":0.014471775317307145,"standard_error":0.004600489066141082}}