{"mean":{"confidence_interval":{"confidence_level":0.95,"lower_bound":0.015255498827956293,"upper_bound":0.03201805800733764},"point_estimate":0.023455913974478104,"standard_error":0.004376301772796502},"median":{"confidence_interval":{"confidence_level":0.95,"lower_bound":0.011173179308074266,"upper_bound":0.030663387001549802},"point_estimate":0.01932084142785384,"standard_error":0.004297011965399604}}