{"mean":{"confidence_interval":{"confidence_level":0.95,"lower_bound":-0.02490903336550042,"upper_bound":0.018241753440344302},"point_estimate":-0.0002306235394496925,"standard_error":0.011147370244757529},"median":{"confidence_interval":{"confidence_level":0.95,"lower_bound":0.007552917809920128,"upper_bound":0.021637934810911152},"point_estimate":0.014442121552590281,"standard_error":0.0036206737728625682}}