{"mean":{"confidence_interval":{"confidence_level":0.95,"lower_bound":0.01010350641796196,"upper_bound":0.02192636335462177},"point_estimate":0.016124911195694924,"standard_error":0.00305683170873061},"median":{"confidence_interval":{"confidence_level":0.95,"lower_bound":0.009149428266140994,"upper_bound":0.02171495380163934},"point_estimate":0.017106367128473687,"standard_error":0.0031893458014922048}}