{"mean":{"confidence_interval":{"confidence_level":0.95,"lower_bound":-0.0007941174402876525,"upper_bound":0.047253334721679516},"point_estimate":0.022083545311270658,"standard_error":0.012235879432711516},"median":{"confidence_interval":{"confidence_level":0.95,"lower_bound":-0.007183267365059275,"upper_bound":0.06383141313377645},"point_estimate":0.03439337225672956,"standard_error":0.01738879969647563}}