{"mean":{"confidence_interval":{"confidence_level":0.95,"lower_bound":-0.02200532418225667,"upper_bound":-0.010042640169066924},"point_estimate":-0.01623673217604582,"standard_error":0.0030512494023337763},"median":{"confidence_interval":{"confidence_level":0.95,"lower_bound":-0.025043426538102133,"upper_bound":-0.00491676914190442},"point_estimate":-0.013805405119045155,"standard_error":0.005151711740839815}}