{"mean":{"confidence_interval":{"confidence_level":0.95,"lower_bound":0.007456967532112347,"upper_bound":0.01620793198221377},"point_estimate":0.011747207771731105,"standard_error":0.00223479229219941},"median":{"confidence_interval":{"confidence_level":0.95,"lower_bound":0.006319071919710612,"upper_bound":0.01639185906799841},"point_estimate":0.010603654477253865,"standard_error":0.0025526963989214537}}