{"mean":{"confidence_interval":{"confidence_level":0.95,"lower_bound":-0.03275174659808611,"upper_bound":0.12991507545226091},"point_estimate":0.0139747502079961,"standard_error":0.04418657024126796},"median":{"confidence_interval":{"confidence_level":0.95,"lower_bound":-0.02904799712236883,"upper_bound":-0.0130844715195092},"point_estimate":-0.020860721068459376,"standard_error":0.004002370643256946}}