{"mean":{"confidence_interval":{"confidence_level":0.95,"lower_bound":14221810332.60825,"upper_bound":14345951647.447},"point_estimate":14283972211.16,"standard_error":31621187.752508376},"median":{"confidence_interval":{"confidence_level":0.95,"lower_bound":14173739277.0,"upper_bound":14364685228.0},"point_estimate":14277050291.0,"standard_error":54472519.19637468},"median_abs_dev":{"confidence_interval":{"confidence_level":0.95,"lower_bound":279657345.67303467,"upper_bound":446123078.789627},"point_estimate":367251135.945189,"standard_error":42388594.21249296},"slope":null,"std_dev":{"confidence_interval":{"confidence_level":0.95,"lower_bound":277782072.878825,"upper_bound":355111542.7527445},"point_estimate":318051994.17129326,"standard_error":19640637.372463457}}