{"mean":{"confidence_interval":{"confidence_level":0.95,"lower_bound":-0.005762296675510489,"upper_bound":0.007909550749838038},"point_estimate":0.0008846226333654172,"standard_error":0.003477949300539033},"median":{"confidence_interval":{"confidence_level":0.95,"lower_bound":-0.0038136537316900147,"upper_bound":0.018276804550993342},"point_estimate":0.00927584402643511,"standard_error":0.005842985597936338}}