{"mean":{"confidence_interval":{"confidence_level":0.95,"lower_bound":137965006.04000002,"upper_bound":139581326.10725},"point_estimate":138755478.78,"standard_error":411251.7917829052},"median":{"confidence_interval":{"confidence_level":0.95,"lower_bound":137321776.0,"upper_bound":139017876.0},"point_estimate":138348072.5,"standard_error":460138.6302215788},"median_abs_dev":{"confidence_interval":{"confidence_level":0.95,"lower_bound":2808514.5196639006,"upper_bound":4563070.586389303},"point_estimate":3804206.2376618385,"standard_error":462119.54566827865},"slope":null,"std_dev":{"confidence_interval":{"confidence_level":0.95,"lower_bound":3369006.6139282165,"upper_bound":4856029.722932945},"point_estimate":4130466.508440569,"standard_error":381127.00412143796}}