{"mean":{"confidence_interval":{"confidence_level":0.95,"lower_bound":117863994.23575,"upper_bound":120133837.63374999},"point_estimate":118964103.25,"standard_error":578979.6660214852},"median":{"confidence_interval":{"confidence_level":0.95,"lower_bound":116463231.0,"upper_bound":119174650.0},"point_estimate":117635324.0,"standard_error":702654.4347659819},"median_abs_dev":{"confidence_interval":{"confidence_level":0.95,"lower_bound":3749001.6276419163,"upper_bound":6865051.674520969},"point_estimate":5105840.058553219,"standard_error":825451.4535817334},"slope":null,"std_dev":{"confidence_interval":{"confidence_level":0.95,"lower_bound":4763413.569020873,"upper_bound":6810824.572308779},"point_estimate":5820481.328056541,"standard_error":524455.209509221}}