{"mean":{"confidence_interval":{"confidence_level":0.95,"lower_bound":0.004065738455321742,"upper_bound":0.024237437949251515},"point_estimate":0.014002060434890051,"standard_error":0.005191215437000668},"median":{"confidence_interval":{"confidence_level":0.95,"lower_bound":0.002508060518500388,"upper_bound":0.024633843280559065},"point_estimate":0.016693561425623615,"standard_error":0.0057901167309693455}}