{"mean":{"confidence_interval":{"confidence_level":0.95,"lower_bound":-0.06918662951817789,"upper_bound":0.2055184402752211},"point_estimate":0.06046280785479308,"standard_error":0.0740827472517542},"median":{"confidence_interval":{"confidence_level":0.95,"lower_bound":-0.07138033107186,"upper_bound":-0.04892162105484933},"point_estimate":-0.059230211952202017,"standard_error":0.005407080566027517}}