{"mean":{"confidence_interval":{"confidence_level":0.95,"lower_bound":116289252.84400001,"upper_bound":117591980.1435},"point_estimate":116935833.09,"standard_error":333104.83259855723},"median":{"confidence_interval":{"confidence_level":0.95,"lower_bound":116010292.5,"upper_bound":117297032.5},"point_estimate":116854457.5,"standard_error":322527.9703943025},"median_abs_dev":{"confidence_interval":{"confidence_level":0.95,"lower_bound":2274503.321519494,"upper_bound":4140410.985893011},"point_estimate":3411736.8204295635,"standard_error":507403.9720324426},"slope":null,"std_dev":{"confidence_interval":{"confidence_level":0.95,"lower_bound":2814531.8789516836,"upper_bound":3833817.2664531106},"point_estimate":3348657.2607617527,"standard_error":261066.04464524527}}