{"mean":{"confidence_interval":{"confidence_level":0.95,"lower_bound":110773589.46625,"upper_bound":125077694.99700001},"point_estimate":115763720.93,"standard_error":4422894.338767399},"median":{"confidence_interval":{"confidence_level":0.95,"lower_bound":109761030.0,"upper_bound":111379110.0},"point_estimate":110443445.0,"standard_error":371899.01095602056},"median_abs_dev":{"confidence_interval":{"confidence_level":0.95,"lower_bound":2294740.811160207,"upper_bound":3802966.784083843},"point_estimate":3125070.1851189137,"standard_error":382264.3422354168},"slope":null,"std_dev":{"confidence_interval":{"confidence_level":0.95,"lower_bound":3162616.1415801193,"upper_bound":76327013.20378114},"point_estimate":44582594.957795285,"standard_error":26314185.12741528}}