{"mean":{"confidence_interval":{"confidence_level":0.95,"lower_bound":134658168.66075,"upper_bound":136965860.33275002},"point_estimate":135721520.82,"standard_error":592020.4309289947},"median":{"confidence_interval":{"confidence_level":0.95,"lower_bound":133226603.0,"upper_bound":134918789.0},"point_estimate":133807030.5,"standard_error":478727.87991173554},"median_abs_dev":{"confidence_interval":{"confidence_level":0.95,"lower_bound":2272343.1733578444,"upper_bound":4230478.934293985},"point_estimate":3105082.5135737658,"standard_error":524043.0795214272},"slope":null,"std_dev":{"confidence_interval":{"confidence_level":0.95,"lower_bound":3682796.5446511903,"upper_bound":8029865.8825024385},"point_estimate":5952054.057845749,"standard_error":1120408.4537949325}}