{"mean":{"confidence_interval":{"confidence_level":0.95,"lower_bound":-0.006002442495355428,"upper_bound":0.010945429959279584},"point_estimate":0.002289283789259411,"standard_error":0.004310654077754585},"median":{"confidence_interval":{"confidence_level":0.95,"lower_bound":-0.017437642235003215,"upper_bound":-0.0023986822294362886},"point_estimate":-0.01091089067713813,"standard_error":0.003985657085567496}}