{"mean":{"confidence_interval":{"confidence_level":0.95,"lower_bound":889310162.68175,"upper_bound":920329983.1444999},"point_estimate":905080850.73,"standard_error":7927605.664146902},"median":{"confidence_interval":{"confidence_level":0.95,"lower_bound":892882238.0,"upper_bound":926563391.0},"point_estimate":907332222.5,"standard_error":8912701.463661369},"median_abs_dev":{"confidence_interval":{"confidence_level":0.95,"lower_bound":51388546.68897092,"upper_bound":82552792.65007491},"point_estimate":61759554.41224873,"standard_error":8018689.959521894},"slope":null,"std_dev":{"confidence_interval":{"confidence_level":0.95,"lower_bound":66019750.91132111,"upper_bound":92098540.86220613},"point_estimate":79780142.79534657,"standard_error":6664421.937148583}}