{"mean":{"confidence_interval":{"confidence_level":0.95,"lower_bound":-0.00706820985081793,"upper_bound":0.010804220264314384},"point_estimate":0.0022940875147232642,"standard_error":0.004450072041671232},"median":{"confidence_interval":{"confidence_level":0.95,"lower_bound":-0.015728228912173375,"upper_bound":0.006414297291416071},"point_estimate":-0.006689642404939078,"standard_error":0.005444665341117345}}