{"mean":{"confidence_interval":{"confidence_level":0.95,"lower_bound":0.03534453555179799,"upper_bound":0.11228361734077714},"point_estimate":0.07144230627015857,"standard_error":0.01957379502005983},"median":{"confidence_interval":{"confidence_level":0.95,"lower_bound":0.04394575581299076,"upper_bound":0.07656371605204271},"point_estimate":0.05535863944825037,"standard_error":0.008249275585493716}}