{"mean":{"confidence_interval":{"confidence_level":0.95,"lower_bound":0.1353623561855425,"upper_bound":0.18929961651766758},"point_estimate":0.1626472974528561,"standard_error":0.013705417936877032},"median":{"confidence_interval":{"confidence_level":0.95,"lower_bound":0.10564818534747022,"upper_bound":0.14802490184017425},"point_estimate":0.12019876652930117,"standard_error":0.014739474254507804}}