{"mean":{"confidence_interval":{"confidence_level":0.95,"lower_bound":0.011742226002434726,"upper_bound":0.037660390410287056},"point_estimate":0.02507455520924262,"standard_error":0.006593720881669758},"median":{"confidence_interval":{"confidence_level":0.95,"lower_bound":0.012974537991954284,"upper_bound":0.05025137356409459},"point_estimate":0.03547327161000591,"standard_error":0.009542454908563345}}