{"mean":{"confidence_interval":{"confidence_level":0.95,"lower_bound":-0.020972840934934078,"upper_bound":-0.0026981038308685795},"point_estimate":-0.012159833507395468,"standard_error":0.00464789689724166},"median":{"confidence_interval":{"confidence_level":0.95,"lower_bound":-0.01095730312364862,"upper_bound":0.005426279360979476},"point_estimate":-0.0011764013170321164,"standard_error":0.003849780162861679}}