{"mean":{"confidence_interval":{"confidence_level":0.95,"lower_bound":13728408483.22525,"upper_bound":13937800799.244001},"point_estimate":13832455322.59,"standard_error":53302094.62718137},"median":{"confidence_interval":{"confidence_level":0.95,"lower_bound":13624822463.687502,"upper_bound":13864001600.0},"point_estimate":13696432694.0,"standard_error":63330782.09141551},"median_abs_dev":{"confidence_interval":{"confidence_level":0.95,"lower_bound":349568820.62701285,"upper_bound":622933769.1062819},"point_estimate":490993492.449823,"standard_error":69513963.19669116},"slope":null,"std_dev":{"confidence_interval":{"confidence_level":0.95,"lower_bound":464860370.9515461,"upper_bound":598142615.6100767},"point_estimate":536587344.18706334,"standard_error":34057401.208026424}}