{"mean":{"confidence_interval":{"confidence_level":0.95,"lower_bound":0.013043828127491705,"upper_bound":0.03401218044074942},"point_estimate":0.02307137940450832,"standard_error":0.005087707725420554},"median":{"confidence_interval":{"confidence_level":0.95,"lower_bound":0.003372261605893989,"upper_bound":0.02585444340187304},"point_estimate":0.012938273540568757,"standard_error":0.006119599897715297}}