{"mean":{"confidence_interval":{"confidence_level":0.95,"lower_bound":-0.005241151290389436,"upper_bound":0.010475025049965479},"point_estimate":0.0031732578796144217,"standard_error":0.003961948086902268},"median":{"confidence_interval":{"confidence_level":0.95,"lower_bound":-0.011446340406124467,"upper_bound":0.003660124990542135},"point_estimate":-0.0011034039157087339,"standard_error":0.00387411017641704}}