{"mean":{"confidence_interval":{"confidence_level":0.95,"lower_bound":-0.016781063744309908,"upper_bound":0.0034232246709464645},"point_estimate":-0.006741964492612218,"standard_error":0.005142423988240376},"median":{"confidence_interval":{"confidence_level":0.95,"lower_bound":-0.022251446795612084,"upper_bound":0.0013697255279801039},"point_estimate":-0.013337890865180668,"standard_error":0.005967843418178566}}