{"mean":{"confidence_interval":{"confidence_level":0.95,"lower_bound":123242148.42,"upper_bound":130470370.34325},"point_estimate":126422846.46,"standard_error":1859628.7672290131},"median":{"confidence_interval":{"confidence_level":0.95,"lower_bound":119665154.0,"upper_bound":123152976.0},"point_estimate":120652295.0,"standard_error":869477.5365668668},"median_abs_dev":{"confidence_interval":{"confidence_level":0.95,"lower_bound":3692579.061743617,"upper_bound":7429945.244792104},"point_estimate":4999190.712046623,"standard_error":959816.8621183027},"slope":null,"std_dev":{"confidence_interval":{"confidence_level":0.95,"lower_bound":8906134.306844328,"upper_bound":26685118.758570783},"point_estimate":18557098.042790886,"standard_error":4573771.821513628}}