{"mean":{"confidence_interval":{"confidence_level":0.95,"lower_bound":111755190.31575,"upper_bound":113368984.2995},"point_estimate":112534613.87,"standard_error":412318.68436152616},"median":{"confidence_interval":{"confidence_level":0.95,"lower_bound":110614212.0,"upper_bound":112224527.0},"point_estimate":111682471.5,"standard_error":396829.3744469527},"median_abs_dev":{"confidence_interval":{"confidence_level":0.95,"lower_bound":2219310.572299361,"upper_bound":3930370.3063219786},"point_estimate":3131067.3020124435,"standard_error":451666.5868416107},"slope":null,"std_dev":{"confidence_interval":{"confidence_level":0.95,"lower_bound":3320209.06638708,"upper_bound":4843043.431954034},"point_estimate":4140392.6284717456,"standard_error":388099.9794598575}}