{"mean":{"confidence_interval":{"confidence_level":0.95,"lower_bound":-0.04877606656318449,"upper_bound":-0.030599365062456644},"point_estimate":-0.03977972629208637,"standard_error":0.004650219115313364},"median":{"confidence_interval":{"confidence_level":0.95,"lower_bound":-0.048527833278087296,"upper_bound":-0.026466474595579714},"point_estimate":-0.040320792633533165,"standard_error":0.005534139566260941}}