{"mean":{"confidence_interval":{"confidence_level":0.95,"lower_bound":0.004092032182400776,"upper_bound":0.012194319698960437},"point_estimate":0.008273021190766894,"standard_error":0.0020645282264285417},"median":{"confidence_interval":{"confidence_level":0.95,"lower_bound":0.0053461187578411895,"upper_bound":0.014131208586235976},"point_estimate":0.00969585628101366,"standard_error":0.00228252571174106}}