{"mean":{"confidence_interval":{"confidence_level":0.95,"lower_bound":-0.033850905429765515,"upper_bound":-0.011810500974832543},"point_estimate":-0.0229601538026315,"standard_error":0.005544893898174643},"median":{"confidence_interval":{"confidence_level":0.95,"lower_bound":-0.0361035955253971,"upper_bound":-0.010164121754741906},"point_estimate":-0.02395279225324265,"standard_error":0.0064076451030586085}}